Create database AirCargo;
use AirCargo;
Create table Customer(
Customer_Id int auto_increment primary key,
First_Name varchar (100),
Last_Name varchar (100),
Date_of_Birth varchar (100),
Gender varchar (100));
insert into Customer(Customer_Id,First_Name,Last_Name,Date_of_Birth,Gender) values
(1,'Julie','Sam','12/1/1989','F'),
(2,'Steve','Ryan','3/4/1983','M'),
(3,'Morris','Lois','9/12/1993','M'),
(4,'Cathenna','Emily','14/9/1977','F'),
(5,'Aaron','Kim','18/2/1991','M'),
(6,'Alexander','Scot','12/2/1985','M'),
(7,'Anderson','Stewart','11/1/1992','M'),
(8,'Floyd','Ted','21/2/1993','M'),
(9,'Leo','Travis','22/3/1994','M'),
(10,'Melvin','Tracy','23/4/1995','M'),
(11,'Roger','Walson','24/5/1996','M'),
(12,'Shirley','Wally','25/6/1997','F'),
(13,'Solomon','Walter','26/7/1998','M'),
(14,'Carol','Vernon','27/8/1999','F'),
(15,'Linda','William','28/9/1986','F'),
(16,'Chirstine','Willis','6/10/1987','F'),
(17,'Catherine','Shad','9/11/1988','F'),
(18,'Gloria','Richie','4/12/1989','F'),
(19,'Joyce','Paul','2/6/1990','F'),
(20,'Sara','Oliver','1/1/1991','F'),
(21,'Chirsty','Josh','10/1/2004','M'),
(22,'Pheny','Eri','29-01-1999','M'),
(23,'Erwin','Tosh','3/2/1994','M'),
(24,'Calvin','Willis','15/2/1994','M'),
(25,'Moss','Morris','18/2/2011','M'),
(26,'Bryan','Collin','28/2/2011','M'),
(27,'Cherly','Vernon','19/3/1992','F'),
(28,'Du plesis','Chris','17/4/1994','M'),
(29,'Watson','Ronald','11/1/1991','M'),
(30,'Donack','Dukins','19/2/1991','M'),
(31,'James','Robert','12/4/1994','M'),
(32,'Chirstoper','Sean','21/6/1993','M'),
(33,'Mark','Ethan','22/5/1994','M'),
(34,'Jacqueline','Keith','23/4/1994','F'),
(35,'Jeffrey','Aaron','24/2/1991','M'),
(36,'Kayla','Patrick','27/2/1993','F'),
(37,'Samuel','Scott','28/1/2000','M'),
(38,'Alexis','Scott','31/10/2001','M'),
(39,'Tyler','Edward','30/11/2006','M'),
(40,'Adam','Paul','31/12/2007','M'),
(41,'Kyle','Mark','29/11/2004','F'),
(42,'Roger','Mattew','28/11/2008','M'),
(43,'Joe','Daniel','27/03/2001','M'),
(44,'Bily','Brian','26/10/2002','M'),
(45,'Doris','Walter','23/12/1993','M'),
(46,'Louis','Douglas','22/9/1997','M'),
(47,'Sophia','Carl','11/8/1999','F'),
(48,'Wayne','Noah','2/7/1998','F'),
(49,'Russell','Peter','1/6/1996','M'),
(50,'Rose','Arthur','23/05/1996','F');
Select * from Customer;
use AirCargo;
Create table Passengers_on_Flight(
Customer_ID int,
Aircraft_ID varchar (50),
Route_ID int,
Depart varchar(50),
Arrival varchar(50),
Seat_Num varchar(50),
Class_ID varchar(50),
Travel_date varchar(50),
Flight_Num int);
insert into Passengers_on_Flight(Customer_ID,Aircraft_ID,Route_ID,Depart,Arrival,Seat_Num,Class_ID,Travel_date,Flight_Num) values
(2,'A321',34,'CRW','COD','01B','Business','26/1/2019',1117),
(2,'767-301ER',4,'JFK','LAX','01E','Economy','2/9/2018',1114),
(1,'ERJ142',9,'DEN','LAX','01EP','Economy Plus','26/12/2019',1119),
(1,'CRJ900',30,'BUR','STT','01FC','First Class','4/11/2018',1140),
(5,'767-301ER',12,'ABI','ADK','02B','Business','2/7/2018',1122),
(5,'ERJ142',18,'ANI','BGR','02E','Economy','6/5/2020',1128),
(8,'A321',38,'CST','DAL','02EP','Economy Plus','9/8/2020',1148),
(4,'767-301ER',5,'LAX','JFX','02FC','First Class','6/4/2020',1115),
(7,'767-301ER',20,'AVL','BOI','03B','Business','8/7/2020',1130),
(5,'ERJ142',22,'BGR','BJI','03E','Economy','31/5/2020',1132),
(11,'ERJ142',31,'BTM','CHA','03EP','Economy Plus','2/8/2018',1141),
(4,'767-301ER',4,'JFK','LAX','03FC','First Class','30/4/2020',1114),
(11,'767-301ER',5,'LAX','JFX','04B','Business','12/11/2020',1115),
(8,'A321',43,'CBM','BOI','04E','Economy','2/5/2018',1153),
(17,'A321',13,'ABI','ADK','04EP','Economy Plus','3/6/2019',1123),
(9,'767-301ER',15,'CAK','ANI','04FC','First Class','10/9/2020',1125),
(11,'767-301ER',4,'JFK','LAX','05B','Business','9/11/2020',1114),
(10,'A321',10,'HNL','DEN','05E','Economy','11/10/2020',1120),
(19,'CRJ900',47,'DAL','LAX','05EP','Economy Plus','13/1/2021',1157),
(9,'CRJ900',33,'CDC','CST','05FC','First Class','1/2/2018',1143),
(15,'A321',14,'BQN','CAK','06B','Business','2/11/2018',1124),
(14,'ERJ142',35,'STT','CDB','06E','Economy','2/4/2019',1145),
(19,'CRJ900',30,'BUR','STT','06EP','Economy Plus','17/12/2020',1140),
(13,'A321',13,'ADK','BQN','06FC','First Class','5/1/2019',1123),
(21,'CRJ900',45,'CCR','EWR','07B','Business','7/3/2020',1155),
(14,'767-301ER',42,'CSG','BOS','07E','Economy','25/1/2020',1152),
(22,'ERJ142',22,'BGR','BJI','07EP','Economy Plus','9/2/2020',1132),
(16,'CRJ900',39,'COD','SCC','07FC','First Class','4/5/2019',1149),
(24,'A321',14,'BQN','CAK','08B','Business','22/7/2019',1124),
(18,'767-301ER',46,'CDV','HNL','08E','Economy','7/7/2019',1156),
(32,'ERJ142',31,'BTM','CHA','08EP','Economy Plus','4/3/2021',1141),
(20,'CRJ900',36,'CHA','COU','08FC','First Class','26/9/2019',1146),
(25,'767-301ER',23,'BLV','BFL','09B','Business','7/3/2019',1133),
(19,'767-301ER',32,'CLD','CHI','09E','Economy','7/2/2018',1142),
(47,'CRJ900',33,'CDC','CST','09EP','Economy Plus','15/12/2020',1143),
(20,'CRJ900',39,'COD','SCC','09FC','First Class','3/5/2020',1149),
(29,'A321',38,'CST','DAL','10B','Business','21/11/2019',1148),
(25,'767-301ER',44,'COU','CAK','10E','Economy','21/10/2019',1154),
(50,'A321',21,'BFL','BET','10EP','Economy Plus','15/08/2020',1131),
(41,'A321',34,'CRW','COD','10FC','First Class','15/2/2019',1144),
(29,'ERJ142',9,'DEN','LAX','11B','Business','3/5/2018',1119),
(27,'767-301ER',46,'CDV','HNL','11E','Economy','29/12/2018',1156),
(44,'767-301ER',15,'CAK','ANI','11FC','First Class','6/10/2020',1125),
(33,'ERJ142',35,'STT','CDB','12B','Business','15/4/2020',1145),
(28,'ERJ142',26,'BET','BTM','12E','Economy','12/12/2018',1136),
(46,'A321',8,'ORD','EWR','12FC','First Class','8/7/2011',1118),
(49,'767-301ER',15,'CAK','ANI','13B','Business','19/8/2020',1125),
(31,'767-301ER',20,'AVL','BOI','13E','Economy','31/12/2018',1130),
(18,'767-301ER',1,'EWR','HNL','13FC','First Class','1/4/2018',1111),
(46,'A321',25,'RDM','BJI','14E','Economy','25/11/2020',1135);
Select * from Passengers_on_Flight;
Create table Routes(
Route_ID int,
Flight_Num int,
Origin_Airport varchar(50),
Destination_Airport varchar(50),
Aircraft_ID varchar(50),
Distance_Miles int);
insert into Routes(Route_ID,Flight_Num,Origin_Airport,Destination_Airport,Aircraft_ID,Distance_Miles) values
(1,1111,'EWR','HNL','767-301ER',4962),
(2,'1112','HNL','EWR','767-301ER',4962),
(3,1113,'EWR','LHR','A321',3466),
(4,1114,'JFK','LAX','767-301ER',2475),
(5,1115,'LAX','JFK','767-301ER',2475),
(6,'1116','HNL','LAX','767-301ER',2556),
(7,'1117','LAX','ORD','A321',1745),
(8,1118,'ORD','EWR','A321',719),
(9,'1119','DEN','LAX','ERJ142',862),
(10,'1120','HNL','DEN','A321',3365),
(12,1122,'ABI','ADK','767-301ER',4300),
(13,1123,'ADK','BQN','A321',2232),
(14,1124,'BQN','CAK','A321',2445),
(15,'1125','CAK','ANI','767-301ER',2000),
(16,'1126','ALB','APN','A321',1700),
(17,1127,'APN','BLV','767-301ER',1900),
(18,1128,'ANI','BGR','ERJ142',2450),
(19,1129,'ATW','AVL','A321',2222),
(20,1130,'AVL','BOI','767-301ER',3134),
(21,1131,'BFL','BET','A321',2425),
(22,1132,'BGR','BJI','ERJ142',1242),
(23,1133,'BLV','BFL','767-301ER',2354),
(24,1134,'BJI','BQN','A321',1575),
(25,1135,'RDM','BJI','A321',2425),
(26,1136,'BET','BTM','ERJ142',1311),
(27,1137,'BOI','CLD','A321',578),
(28,1138,'BOS','CDC','767-301ER',246),
(29,1139,'BKG','CRW','767-301ER',909),
(30,1140,'BUR','STT','CRJ900',780),
(31,1141,'BTM','CHA','ERJ142',660),
(32,1142,'CLD','CHI','767-301ER',246),
(33,1143,'CDC','CST','CRJ900',1345),
(34,1144,'CRW','COD','A321',2452),
(35,1145,'STT','CDB','ERJ142',2121),
(36,1146,'CHA','COU','CRJ900',1212),
(37,1147,'CHI','CST','767-301ER',999),
(38,1148,'CST','DAL','A321',1111),
(39,1149,'COD','SCC','CRJ900',1579),
(40,1150,'CDB','DEC','A321',909),
(41,1151,'CAE','DRT','ERJ142',898),
(42,1152,'CSG','BOS','767-301ER',890),
(43,1153,'CBM','BOI','A321',8989),
(44,1154,'COU','CAK','767-301ER',7676),
(45,1155,'CCR','EWR','CRJ900',676),
(46,1156,'CDV','HNL','767-301ER',8668),
(47,1157,'DAL','LAX','CRJ900',675),
(48,1158,'SCC','DEN','A321',5645),
(49,1159,'DEC','ABI','A321',4533),
(50,1160,'DRT','ORD','A321',2445);
Create table Ticket_Details(
P_Date varchar(50),
Customer_ID int,
Aircraft_ID varchar(50),
Class_ID varchar(50),
No_of_Tickets int,
A_Code varchar(50),
Price_per_Ticket int,
Brand varchar(50));
insert into Ticket_Details(P_Date,Customer_ID,Aircraft_ID,Class_ID,No_of_Tickets,A_Code,Price_per_Ticket,Brand) values
('26/12/2018',27,'767-301ER','Economy',1,'DAL',130,'Emirates'),
('2/2/2020',22,'ERJ142','Economy Plus',1,'AGB',220,'Jet Airways'),
('3/3/2020',21,'CRJ900','Business',1,'BOH',490,'Bristish Airways'),
('4/4/2020',4,'767-301ER','First Class',1,'AGB',390,'Emirates'),
('5/5/2020',5,'ERJ142','Economy',1,'CTM',120,'Jet Airways'),
('7/7/2020',7,'767-301ER','Business',1,'BFS',430,'Emirates'),
('8/8/2020',8,'A321','Economy Plus',1,'DAL',275,'Qatar Airways'),
('9/9/2020',9,'767-301ER','First Class',1,'BOH',380,'Emirates'),
('10/10/2020',10,'A321','Economy',1,'MCO',135,'Qatar Airways'),
('11/11/2020',11,'767-301ER','Business',1,'AGB',465,'Emirates'),
('12/12/2020',19,'CRJ900','Economy Plus',1,'DEN',225,'Bristish Airways'),
('1/1/2019',13,'A321','First Class',1,'YVR',395,'Qatar Airways'),
('2/2/2019',14,'ERJ142','Economy',1,'CTM',120,'Jet Airways'),
('3/3/2019',25,'767-301ER','Business',1,'BHX',499,'Emirates'),
('4/4/2019',16,'CRJ900','First Class',1,'YVR',395,'Bristish Airways'),
('3/5/2019',17,'A321','Economy Plus',1,'BFS',250,'Qatar Airways'),
('6/6/2019',18,'767-301ER','Economy',1,'YVR',190,'Emirates'),
('7/7/2019',24,'A321','Business',1,'CTM',480,'Qatar Airways'),
('9/8/2019',20,'CRJ900','First Class',1,'MCO',365,'Bristish Airways'),
('21/9/2019',25,'767-301ER','Economy',1,'BOH',150,'Emirates'),
('22/10/2019',29,'A321','Business',1,'PEK',410,'Qatar Airways'),
('23/11/2019',1,'ERJ142','Economy Plus',1,'BFS',250,'Jet Airways'),
('24/12/2019',14,'767-301ER','Economy',1,'BHX',170,'Emirates'),
('25/1/2019',2,'A321','Business',1,'YVR',505,'Qatar Airways'),
('1/1/2018',9,'CRJ900','First Class',1,'AGB',390,'British Airways'),
('1/2/2018',19,'767-301ER','Economy',1,'AGB',100,'Emirates'),
('1/3/2018',18,'767-301ER','First Class',1,'BFS',375,'Emirates'),
('1/4/2018',29,'ERJ142','Business',1,'EME',510,'Jet Airways'),
('1/5/2018',8,'A321','Economy',1,'YVR',190,'Qatar Airways'),
('1/6/2018',20,'CRJ900','First Class',1,'PEK',315,'Bristish Airways'),
('1/7/2018',5,'767-301ER','Business',1,'BFS',430,'Emirates'),
('1/8/2018',11,'ERJ142','Economy Plus',1,'BHX',295,'Jet Airways'),
('1/9/2018',2,'767-301ER','Economy',1,'DAL',130,'Emirates'),
('1/10/2018',1,'CRJ900','First Class',1,'DEN',320,'Bristish Airways'),
('1/11/2018',15,'A321','Business',1,'BFS',430,'Qatar Airways'),
('1/12/2018',28,'ERJ142','Economy',1,'BHX',170,'Jet Airways'),
('19/12/2018',31,'767-301ER','Economy',1,'DAL',130,'Emirates'),
('4/2/2020',32,'ERJ142','Economy Plus',1,'AGB',220,'Jet Airways'),
('12/3/2020',33,'CRJ900','Business',1,'BOH',490,'Bristish Airways'),
('29/04/2020',4,'767-301ER','First Class',1,'AGB',390,'Emirates'),
('30/5/2020',5,'ERJ142','Economy',1,'CTM',120,'Jet Airways'),
('17/7/2020',49,'767-301ER','Business',1,'BFS',430,'Emirates'),
('12/8/2020',50,'A321','Economy Plus',1,'DAL',275,'Qatar Airways'),
('5/9/2020',44,'767-301ER','First Class',1,'BOH',380,'Emirates'),
('7/10/2020',46,'A321','Economy',1,'MCO',135,'Qatar Airways'),
('8/11/2020',11,'767-301ER','Business',1,'AGB',465,'Emirates'),
('9/12/2020',47,'CRJ900','Economy Plus',1,'DEN',225,'Bristish Airways'),
('11/1/2019',41,'A321','First Class',1,'YVR',395,'Qatar Airways'),
('13/12/2020',19,'CRJ900','Economy Plus',1,'DEN',225,'Bristish Airways'),
('15/1/2019',46,'A321','First Class',1,'YVR',395,'Qatar Airways');
select * from Ticket_Details;
select * from Passengers_on_Flight where Route_ID between 01 and 25;
select count(No_of_Tickets) as No_of_Passengers, sum(Price_per_Ticket) as Total_Revenue from Ticket_Details where Class_ID='Business';
select concat(First_Name,' ',Last_name) from Customer;
select Customer.First_Name,Customer.Last_Name,Ticket_Details.Customer_ID
from Customer
inner join Ticket_Details
on Customer.Customer_Id=Ticket_Details.Customer_ID;
select Customer.First_Name,Customer.Last_Name,Ticket_Details.Customer_ID,ticket_details.Brand
from ticket_details
inner join customer
on Customer.Customer_Id=Ticket_Details.Customer_ID where ticket_details.Brand='Emirates';
select Customer_ID,Class_ID from Passengers_on_Flight where (Select Customer_ID where Class_ID='Economy Plus');
Select sum(Price_per_Ticket), If (sum(Price_per_Ticket)>=10000, 'Correct', 'Incorrect') as Validation_Case from ticket_details;
create user 'junior'@'localhost' identified by 'junior123';
grant execute on aircargo.*to 'junior'@'localhost';
select distinct Class_ID,max(Price_per_Ticket) over(Partition by Class_ID) as Maximum_Ticket_Price from ticket_details;
create index IDX_RouteID on passengers_on_flight(Route_ID);
select* from passengers_on_flight where Route_ID='4';
explain select* from passengers_on_flight where Route_ID='4';
select Customer_ID, Aircraft_ID, sum(Price_per_Ticket*No_of_Tickets) as Total_Price from ticket_details 
group by Customer_ID,Aircraft_ID with rollup;
Create View Business_Class as select Customer_ID,Class_ID, Brand from Ticket_Details where Class_ID='Business';
select * from Business_Class;
call Distance_Covered();
select Customer_ID,count(No_of_Tickets) as Customer_details,sum(Price_per_Ticket) as Total from ticket_details group by Customer_ID;
select Route_ID,avg(distinct Customer_ID) as Total_Passengers from passengers_on_flight group by Route_ID;